review_id,product_name,reviewer_name,rating,title,review_body,date,verified_purchase,helpful_votes,location,platform
FK23756669,boAt Rockerz 255 Pro Bluetooth Earphones,Divya_I95,3,Decent,Mixed feelings. bass is good but microphone is poor. Packaging was fine.,22 May 2024,Yes,0,Lucknow,Flipkart
FK90801586,boAt Rockerz 255 Pro Bluetooth Earphones,Rahul_M72,4,Worth buying,Good product overall. sound quality is solid. microphone could be slightly better but acceptable.,01 Jun 2025,No,0,Surat,Flipkart
FK31429110,boAt Rockerz 255 Pro Bluetooth Earphones,Nikhil_O55,2,Poor quality,Waste of money. fit & comfort doesn't work as shown. earphone grip is pathetic. 0 stars if possible.,07 Jan 2024,Yes,1,Bangalore,Flipkart
FK56164955,boAt Rockerz 255 Pro Bluetooth Earphones,Lakshmi_E34,5,Amazing product!,Absolutely love this product! noise cancellation is outstanding and the charging speed is superb. Highly recommend!,02 Jan 2025,No,0,Ahmedabad,Flipkart
FK87490893,boAt Rockerz 255 Pro Bluetooth Earphones,Suresh_V91,3,Average,Average product. bass is okay but durability is disappointing. Expected better quality.,05 Jan 2025,Yes,1,Surat,Flipkart
FK47308985,boAt Rockerz 255 Pro Bluetooth Earphones,Manoj_H82,5,Outstanding!,Best purchase ever! call quality works perfectly. Value for money product with excellent charging speed.,24 Jan 2025,Yes,5,Pune,Flipkart
FK81691040,boAt Rockerz 255 Pro Bluetooth Earphones,Swathi_Y32,4,Worth buying,Good product overall. connectivity is solid. sound clarity could be slightly better but acceptable.,24 Jun 2024,Yes,2,Kolkata,Flipkart
FK52339391,boAt Rockerz 255 Pro Bluetooth Earphones,Anil_C35,5,Love it!,Absolutely love this product! connectivity is outstanding and the packaging is superb. Highly recommend!,02 Feb 2024,Yes,0,Patna,Flipkart
FK29175900,boAt Rockerz 255 Pro Bluetooth Earphones,Karthik_B18,3,Okay product,So so. noise cancellation is below average. earphone grip needs work. May return the product.,14 Apr 2025,No,0,Jaipur,Flipkart
FK28566572,boAt Rockerz 255 Pro Bluetooth Earphones,Sanjay_W64,3,Average,Not impressed. call quality is basic. durability is mediocre. Could find better alternatives.,12 Aug 2024,No,0,Mumbai,Flipkart
FK61220073,boAt Rockerz 255 Pro Bluetooth Earphones,Lakshmi_E60,5,Perfect!,10/10 product. battery life is amazing and Bluetooth range is exactly as described. Fast delivery too.,29 Jan 2025,Yes,1,Bhopal,Flipkart
FK31227574,boAt Rockerz 255 Pro Bluetooth Earphones,Manoj_H1,5,Perfect!,Fantastic! bass exceeded my expectations. sound clarity is top notch. Will buy again.,21 Mar 2025,Yes,0,Indore,Flipkart
FK60185867,boAt Rockerz 255 Pro Bluetooth Earphones,Prasad_Z21,5,Amazing product!,"Superb quality! bass is brilliant. Battery lasts long, sound clarity is premium quality.",05 Jun 2024,Yes,2,Pune,Flipkart
FK42138745,boAt Rockerz 255 Pro Bluetooth Earphones,Priya_K31,4,Pretty good,Happy with the purchase. sound quality is good. charging speed is decent. Delivery was on time.,10 Nov 2024,Yes,5,Delhi,Flipkart
FK98550256,boAt Rockerz 255 Pro Bluetooth Earphones,Kavitha_J71,2,Not worth it,Very bad. build quality broke in 3 days. charging speed is worse than budget options. Not recommended.,11 May 2024,Yes,3,Jaipur,Flipkart
FK51837852,boAt Rockerz 255 Pro Bluetooth Earphones,Anil_C86,3,Not great not bad,Not impressed. fit & comfort is basic. earphone grip is mediocre. Could find better alternatives.,24 Jul 2024,Yes,3,Ahmedabad,Flipkart
FK12823170,boAt Rockerz 255 Pro Bluetooth Earphones,Vinay_Q71,3,Okay product,Mediocre. build quality works sometimes. charging speed is not as described. Okay for the price.,12 Dec 2024,Yes,0,Hyderabad,Flipkart
FK54349361,boAt Rockerz 255 Pro Bluetooth Earphones,Amit_S66,5,Must buy!,Best purchase ever! bass works perfectly. Value for money product with excellent microphone.,02 Feb 2024,Yes,0,Surat,Flipkart
FK73481353,boAt Rockerz 255 Pro Bluetooth Earphones,Nandini_X53,4,Worth buying,Decent product. connectivity is fine. Bluetooth range needs slight improvement. Good value.,05 Sep 2024,Yes,1,Delhi,Flipkart
FK97705310,boAt Rockerz 255 Pro Bluetooth Earphones,Arjun_U13,2,Disappointed,Waste of money. fit & comfort doesn't work as shown. packaging is pathetic. 0 stars if possible.,25 Feb 2024,Yes,1,Nagpur,Flipkart
FK28814949,boAt Rockerz 255 Pro Bluetooth Earphones,Sunita_D24,4,Nice earphones,Nice buy. bass works well. Minor issues with earphone grip but nothing major. Recommended.,04 Apr 2025,Yes,0,Hyderabad,Flipkart
FK22517517,boAt Rockerz 255 Pro Bluetooth Earphones,Ritu_497,5,Must buy!,Absolutely love this product! build quality is outstanding and the charging speed is superb. Highly recommend!,16 Jan 2024,Yes,2,Kolkata,Flipkart
FK60864911,boAt Rockerz 255 Pro Bluetooth Earphones,Rahul_M50,4,Nice earphones,Pretty good! build quality is as expected. earphone grip is satisfactory. Would recommend to friends.,17 Jun 2024,Yes,5,Chennai,Flipkart
FK87736262,boAt Rockerz 255 Pro Bluetooth Earphones,Swathi_Y70,4,Good product,Nice buy. build quality works well. Minor issues with Bluetooth range but nothing major. Recommended.,29 Feb 2024,No,0,Pune,Flipkart
FK17634247,boAt Rockerz 255 Pro Bluetooth Earphones,Sanjay_W11,5,Excellent!,"Superb quality! sound quality is brilliant. Battery lasts long, design is premium quality.",10 Jun 2024,Yes,5,Lucknow,Flipkart
FK87701200,boAt Rockerz 255 Pro Bluetooth Earphones,Lakshmi_E6,5,Love it!,Absolutely love this product! connectivity is outstanding and the durability is superb. Highly recommend!,09 Sep 2024,Yes,8,Surat,Flipkart
FK42035886,boAt Rockerz 255 Pro Bluetooth Earphones,Karthik_B51,3,Okay product,Mediocre. noise cancellation works sometimes. sound clarity is not as described. Okay for the price.,17 Nov 2024,No,2,Surat,Flipkart
FK19832887,boAt Rockerz 255 Pro Bluetooth Earphones,Rekha_F28,4,Pretty good,Good product overall. build quality is solid. packaging could be slightly better but acceptable.,12 Apr 2024,Yes,0,Bangalore,Flipkart
FK82909480,boAt Rockerz 255 Pro Bluetooth Earphones,Nikhil_O39,4,Pretty good,Happy with the purchase. bass is good. earphone grip is decent. Delivery was on time.,24 Mar 2025,No,0,Jaipur,Flipkart
FK84252420,boAt Rockerz 255 Pro Bluetooth Earphones,Vikram_T35,5,Perfect!,Best purchase ever! call quality works perfectly. Value for money product with excellent charging speed.,19 Apr 2024,Yes,0,Hyderabad,Flipkart
FK16818112,boAt Rockerz 255 Pro Bluetooth Earphones,Amit_S82,2,Below expectations,Bad experience. noise cancellation malfunctioned and earphone grip is very poor. Returning the product.,14 Sep 2024,Yes,1,Mumbai,Flipkart
FK84045292,boAt Rockerz 255 Pro Bluetooth Earphones,Nikhil_O55,5,Amazing product!,Fantastic! noise cancellation exceeded my expectations. Bluetooth range is top notch. Will buy again.,28 Mar 2025,Yes,0,Delhi,Flipkart
FK67684996,boAt Rockerz 255 Pro Bluetooth Earphones,Vikram_T6,2,Poor quality,Bad experience. battery life malfunctioned and microphone is very poor. Returning the product.,31 May 2024,Yes,1,Patna,Flipkart
FK85146293,boAt Rockerz 255 Pro Bluetooth Earphones,Sunil_353,5,Excellent!,Best purchase ever! noise cancellation works perfectly. Value for money product with excellent earphone grip.,28 Dec 2024,Yes,2,Bhopal,Flipkart
FK65259205,boAt Rockerz 255 Pro Bluetooth Earphones,Nandini_X86,5,Must buy!,Absolutely love this product! battery life is outstanding and the durability is superb. Highly recommend!,06 Dec 2024,Yes,0,Bangalore,Flipkart
FK36786211,boAt Rockerz 255 Pro Bluetooth Earphones,Gopal_159,2,Poor quality,Disappointed with bass. durability stopped working after a week. Poor build quality.,15 Aug 2024,Yes,5,Bhopal,Flipkart
FK19317495,boAt Rockerz 255 Pro Bluetooth Earphones,Prasad_Z36,5,Outstanding!,Best purchase ever! connectivity works perfectly. Value for money product with excellent microphone.,12 Oct 2024,No,0,Jaipur,Flipkart
FK33966966,boAt Rockerz 255 Pro Bluetooth Earphones,Vinay_Q34,4,Good product,Good product overall. noise cancellation is solid. microphone could be slightly better but acceptable.,24 Sep 2024,Yes,5,Lucknow,Flipkart
FK25521714,boAt Rockerz 255 Pro Bluetooth Earphones,Anil_C74,4,Worth buying,Pretty good! noise cancellation is as expected. packaging is satisfactory. Would recommend to friends.,07 Jun 2025,Yes,2,Mumbai,Flipkart
FK58884978,boAt Rockerz 255 Pro Bluetooth Earphones,Sunita_D9,2,Poor quality,Very bad. fit & comfort broke in 3 days. microphone is worse than budget options. Not recommended.,20 Jul 2024,No,8,Pune,Flipkart
FK53779528,boAt Rockerz 255 Pro Bluetooth Earphones,Anil_C90,2,Poor quality,Very bad. bass broke in 3 days. sound clarity is worse than budget options. Not recommended.,22 Feb 2025,Yes,0,Bangalore,Flipkart
FK64502486,boAt Rockerz 255 Pro Bluetooth Earphones,Rekha_F1,5,Perfect!,Best purchase ever! fit & comfort works perfectly. Value for money product with excellent durability.,04 Nov 2024,Yes,2,Hyderabad,Flipkart
FK78608612,boAt Rockerz 255 Pro Bluetooth Earphones,Kavitha_J95,4,Worth buying,Pretty good! noise cancellation is as expected. design is satisfactory. Would recommend to friends.,06 Aug 2024,No,1,Delhi,Flipkart
FK36726767,boAt Rockerz 255 Pro Bluetooth Earphones,Vikram_T4,5,Amazing product!,Best purchase ever! noise cancellation works perfectly. Value for money product with excellent charging speed.,18 Aug 2024,Yes,2,Ahmedabad,Flipkart
FK61536717,boAt Rockerz 255 Pro Bluetooth Earphones,Kavitha_J52,3,Okay product,So so. bass is below average. design needs work. May return the product.,18 Jul 2024,Yes,5,Surat,Flipkart
FK72350830,boAt Rockerz 255 Pro Bluetooth Earphones,Priya_K72,2,Not worth it,Waste of money. sound quality doesn't work as shown. charging speed is pathetic. 0 stars if possible.,14 Jun 2025,Yes,0,Ahmedabad,Flipkart
FK67276174,boAt Rockerz 255 Pro Bluetooth Earphones,Gopal_171,5,Highly recommended!,10/10 product. build quality is amazing and packaging is exactly as described. Fast delivery too.,31 May 2025,Yes,2,Nagpur,Flipkart
FK79967676,boAt Rockerz 255 Pro Bluetooth Earphones,Kavitha_J81,4,Worth buying,Nice buy. build quality works well. Minor issues with sound clarity but nothing major. Recommended.,10 Oct 2024,Yes,3,Ahmedabad,Flipkart
FK28572252,boAt Rockerz 255 Pro Bluetooth Earphones,Vikram_T30,5,Best purchase!,Fantastic! call quality exceeded my expectations. earphone grip is top notch. Will buy again.,23 Mar 2024,No,0,Bangalore,Flipkart
FK65804273,boAt Rockerz 255 Pro Bluetooth Earphones,Priya_K27,2,Below expectations,Waste of money. connectivity doesn't work as shown. charging speed is pathetic. 0 stars if possible.,22 Apr 2025,Yes,1,Patna,Flipkart
FK50079111,boAt Rockerz 255 Pro Bluetooth Earphones,Prasad_Z50,1,Fraud product,Never buy this! sound quality is broken out of box. durability is non-functional. Demanded refund.,26 Dec 2024,Yes,0,Nagpur,Flipkart
FK13895645,boAt Rockerz 255 Pro Bluetooth Earphones,Anil_C44,1,Fraud product,Complete waste! connectivity is fake and design is garbage. Return immediately. DO NOT BUY!,12 May 2025,No,0,Bangalore,Flipkart
FK21267237,boAt Rockerz 255 Pro Bluetooth Earphones,Arjun_U55,4,Worth buying,Pretty good! battery life is as expected. microphone is satisfactory. Would recommend to friends.,28 Jan 2024,Yes,1,Bangalore,Flipkart
FK55298556,boAt Rockerz 255 Pro Bluetooth Earphones,Prasad_Z49,5,Perfect!,Fantastic! call quality exceeded my expectations. durability is top notch. Will buy again.,30 Nov 2024,No,0,Bhopal,Flipkart
FK56970882,boAt Rockerz 255 Pro Bluetooth Earphones,Deepika_N84,4,Good product,Pretty good! call quality is as expected. charging speed is satisfactory. Would recommend to friends.,23 Feb 2024,No,0,Surat,Flipkart
FK42016960,boAt Rockerz 255 Pro Bluetooth Earphones,Vikram_T61,5,Love it!,Best purchase ever! sound quality works perfectly. Value for money product with excellent earphone grip.,05 Jun 2024,Yes,3,Hyderabad,Flipkart
FK31980274,boAt Rockerz 255 Pro Bluetooth Earphones,Meera_L14,4,Pretty good,Nice buy. call quality works well. Minor issues with packaging but nothing major. Recommended.,27 Apr 2024,Yes,2,Patna,Flipkart
FK23676961,boAt Rockerz 255 Pro Bluetooth Earphones,Nikhil_O99,4,Nice earphones,Nice buy. fit & comfort works well. Minor issues with durability but nothing major. Recommended.,05 Sep 2024,No,0,Lucknow,Flipkart
FK19255216,boAt Rockerz 255 Pro Bluetooth Earphones,Sanjay_W83,5,Outstanding!,"Superb quality! sound quality is brilliant. Battery lasts long, packaging is premium quality.",14 Jan 2025,Yes,1,Bhopal,Flipkart
FK30534124,boAt Rockerz 255 Pro Bluetooth Earphones,Sunita_D23,4,Recommended,Pretty good! build quality is as expected. charging speed is satisfactory. Would recommend to friends.,15 Apr 2025,Yes,12,Surat,Flipkart
FK53258988,boAt Rockerz 255 Pro Bluetooth Earphones,Archana_232,5,Love it!,10/10 product. build quality is amazing and design is exactly as described. Fast delivery too.,01 Oct 2024,Yes,3,Patna,Flipkart
FK55150390,boAt Rockerz 255 Pro Bluetooth Earphones,Rahul_M64,4,Good value,Decent product. connectivity is fine. design needs slight improvement. Good value.,23 Jan 2025,Yes,2,Bangalore,Flipkart
FK84597009,boAt Rockerz 255 Pro Bluetooth Earphones,Rahul_M67,4,Worth buying,Happy with the purchase. connectivity is good. packaging is decent. Delivery was on time.,09 Oct 2024,Yes,0,Hyderabad,Flipkart
FK96691619,boAt Rockerz 255 Pro Bluetooth Earphones,Nikhil_O63,2,Below expectations,Very bad. fit & comfort broke in 3 days. design is worse than budget options. Not recommended.,02 May 2025,Yes,3,Delhi,Flipkart
FK73519947,boAt Rockerz 255 Pro Bluetooth Earphones,Rekha_F68,5,Outstanding!,Best purchase ever! connectivity works perfectly. Value for money product with excellent durability.,12 Jan 2025,Yes,0,Nagpur,Flipkart
FK40942292,boAt Rockerz 255 Pro Bluetooth Earphones,Sneha_P93,3,Okay product,So so. noise cancellation is below average. packaging needs work. May return the product.,14 Sep 2024,Yes,0,Delhi,Flipkart
FK89133014,boAt Rockerz 255 Pro Bluetooth Earphones,Prasad_Z68,1,Terrible!,Complete waste! battery life is fake and earphone grip is garbage. Return immediately. DO NOT BUY!,10 Oct 2024,Yes,2,Delhi,Flipkart
FK81690398,boAt Rockerz 255 Pro Bluetooth Earphones,Vikram_T36,5,Amazing product!,Fantastic! call quality exceeded my expectations. earphone grip is top notch. Will buy again.,15 Jan 2024,Yes,0,Jaipur,Flipkart
FK73001391,boAt Rockerz 255 Pro Bluetooth Earphones,Kavitha_J57,5,Outstanding!,Absolutely love this product! battery life is outstanding and the design is superb. Highly recommend!,18 Oct 2024,Yes,5,Mumbai,Flipkart
FK87446468,boAt Rockerz 255 Pro Bluetooth Earphones,Arjun_U88,5,Amazing product!,Absolutely love this product! build quality is outstanding and the charging speed is superb. Highly recommend!,16 Mar 2024,Yes,1,Bangalore,Flipkart
FK91378577,boAt Rockerz 255 Pro Bluetooth Earphones,Lakshmi_E80,3,Okay product,Mediocre. call quality works sometimes. charging speed is not as described. Okay for the price.,02 Mar 2025,No,0,Jaipur,Flipkart
FK50987442,boAt Rockerz 255 Pro Bluetooth Earphones,Vinay_Q80,4,Good product,Happy with the purchase. build quality is good. design is decent. Delivery was on time.,15 Mar 2025,No,5,Nagpur,Flipkart
FK42194159,boAt Rockerz 255 Pro Bluetooth Earphones,Ananya_R71,5,Love it!,Fantastic! connectivity exceeded my expectations. earphone grip is top notch. Will buy again.,09 Jun 2024,Yes,2,Mumbai,Flipkart
FK47945817,boAt Rockerz 255 Pro Bluetooth Earphones,Nikhil_O59,4,Good product,Happy with the purchase. build quality is good. design is decent. Delivery was on time.,22 Oct 2024,No,0,Hyderabad,Flipkart
FK45652586,boAt Rockerz 255 Pro Bluetooth Earphones,Gopal_119,5,Love it!,Absolutely love this product! connectivity is outstanding and the durability is superb. Highly recommend!,01 Jun 2024,Yes,1,Bangalore,Flipkart
FK64023778,boAt Rockerz 255 Pro Bluetooth Earphones,Karthik_B65,4,Pretty good,Good product overall. call quality is solid. design could be slightly better but acceptable.,07 Nov 2024,Yes,1,Ahmedabad,Flipkart
FK22257687,boAt Rockerz 255 Pro Bluetooth Earphones,Deepika_N87,5,Amazing product!,Fantastic! sound quality exceeded my expectations. durability is top notch. Will buy again.,27 Jan 2024,No,2,Surat,Flipkart
FK47333543,boAt Rockerz 255 Pro Bluetooth Earphones,Ananya_R75,5,Best purchase!,10/10 product. sound quality is amazing and Bluetooth range is exactly as described. Fast delivery too.,28 Mar 2025,No,1,Bhopal,Flipkart
FK99943797,boAt Rockerz 255 Pro Bluetooth Earphones,Sneha_P21,4,Nice earphones,Happy with the purchase. bass is good. design is decent. Delivery was on time.,24 Nov 2024,Yes,1,Nagpur,Flipkart
FK52213778,boAt Rockerz 255 Pro Bluetooth Earphones,Karthik_B42,4,Good product,Decent product. call quality is fine. durability needs slight improvement. Good value.,31 Mar 2024,No,0,Kolkata,Flipkart
FK58557203,boAt Rockerz 255 Pro Bluetooth Earphones,Lakshmi_E97,4,Satisfied,Pretty good! sound quality is as expected. design is satisfactory. Would recommend to friends.,14 Jun 2025,No,0,Ahmedabad,Flipkart
FK68802946,boAt Rockerz 255 Pro Bluetooth Earphones,Sunil_390,1,Fraud product,Fraud product. sound quality stopped on day 1. earphone grip is non-existent. Reporting to consumer forum.,21 Oct 2024,Yes,1,Mumbai,Flipkart
FK22510327,boAt Rockerz 255 Pro Bluetooth Earphones,Deepika_N15,3,Could be better,Mixed feelings. connectivity is good but Bluetooth range is poor. Packaging was fine.,21 Feb 2025,Yes,1,Surat,Flipkart
FK74759996,boAt Rockerz 255 Pro Bluetooth Earphones,Kavitha_J32,5,Highly recommended!,"Superb quality! build quality is brilliant. Battery lasts long, sound clarity is premium quality.",01 Mar 2025,Yes,2,Bangalore,Flipkart
FK55617282,boAt Rockerz 255 Pro Bluetooth Earphones,Ritu_465,4,Nice earphones,Good product overall. connectivity is solid. Bluetooth range could be slightly better but acceptable.,28 Feb 2025,Yes,0,Chennai,Flipkart
FK56321751,boAt Rockerz 255 Pro Bluetooth Earphones,Rajesh_G71,2,Bad experience,Not worth the money. call quality is terrible and design is fake quality. Avoid!,10 May 2025,Yes,1,Ahmedabad,Flipkart
FK15858241,boAt Rockerz 255 Pro Bluetooth Earphones,Rajesh_G96,4,Satisfied,Decent product. connectivity is fine. earphone grip needs slight improvement. Good value.,24 Feb 2025,No,0,Patna,Flipkart
FK77416376,boAt Rockerz 255 Pro Bluetooth Earphones,Vinay_Q43,4,Good value,Pretty good! fit & comfort is as expected. Bluetooth range is satisfactory. Would recommend to friends.,09 May 2024,Yes,12,Bhopal,Flipkart
FK97883261,boAt Rockerz 255 Pro Bluetooth Earphones,Vikram_T10,4,Satisfied,Good product overall. bass is solid. design could be slightly better but acceptable.,23 Feb 2025,Yes,2,Pune,Flipkart
FK52501540,boAt Rockerz 255 Pro Bluetooth Earphones,Arjun_U92,3,Could be better,Mixed feelings. fit & comfort is good but charging speed is poor. Packaging was fine.,24 Jan 2025,Yes,5,Mumbai,Flipkart
FK68246664,boAt Rockerz 255 Pro Bluetooth Earphones,Sneha_P98,3,Not great not bad,Mixed feelings. bass is good but earphone grip is poor. Packaging was fine.,02 Apr 2024,No,20,Bhopal,Flipkart
FK53536830,boAt Rockerz 255 Pro Bluetooth Earphones,Nandini_X8,5,Perfect!,Fantastic! build quality exceeded my expectations. Bluetooth range is top notch. Will buy again.,17 Feb 2024,Yes,5,Pune,Flipkart
FK32814819,boAt Rockerz 255 Pro Bluetooth Earphones,Ananya_R11,4,Pretty good,Decent product. battery life is fine. earphone grip needs slight improvement. Good value.,03 Jul 2024,Yes,1,Lucknow,Flipkart
FK95618110,boAt Rockerz 255 Pro Bluetooth Earphones,Karthik_B59,2,Poor quality,Very bad. connectivity broke in 3 days. design is worse than budget options. Not recommended.,17 Apr 2025,No,0,Mumbai,Flipkart
FK88862539,boAt Rockerz 255 Pro Bluetooth Earphones,Meera_L82,4,Satisfied,Good product overall. call quality is solid. Bluetooth range could be slightly better but acceptable.,19 Dec 2024,No,1,Chennai,Flipkart
FK41837210,boAt Rockerz 255 Pro Bluetooth Earphones,Anil_C74,4,Nice earphones,Pretty good! call quality is as expected. earphone grip is satisfactory. Would recommend to friends.,19 Apr 2024,Yes,5,Chennai,Flipkart
FK91390501,boAt Rockerz 255 Pro Bluetooth Earphones,Swathi_Y64,2,Poor quality,Waste of money. call quality doesn't work as shown. microphone is pathetic. 0 stars if possible.,20 Feb 2024,No,0,Indore,Flipkart
FK94322033,boAt Rockerz 255 Pro Bluetooth Earphones,Sneha_P81,5,Amazing product!,Best purchase ever! noise cancellation works perfectly. Value for money product with excellent earphone grip.,20 May 2024,Yes,2,Indore,Flipkart
FK53851498,boAt Rockerz 255 Pro Bluetooth Earphones,Swathi_Y54,4,Worth buying,Nice buy. sound quality works well. Minor issues with packaging but nothing major. Recommended.,29 Oct 2024,Yes,0,Bangalore,Flipkart
FK49613214,boAt Rockerz 255 Pro Bluetooth Earphones,Swathi_Y44,3,Average,Mediocre. noise cancellation works sometimes. sound clarity is not as described. Okay for the price.,08 May 2025,Yes,0,Delhi,Flipkart
FK11868130,boAt Rockerz 255 Pro Bluetooth Earphones,Karthik_B69,5,Love it!,"Superb quality! connectivity is brilliant. Battery lasts long, durability is premium quality.",08 Feb 2025,Yes,0,Pune,Flipkart
FK73280554,boAt Rockerz 255 Pro Bluetooth Earphones,Rahul_M80,2,Bad experience,Bad experience. call quality malfunctioned and durability is very poor. Returning the product.,27 Aug 2024,Yes,0,Patna,Flipkart
FK97139443,boAt Rockerz 255 Pro Bluetooth Earphones,Sunita_D15,3,Okay product,So so. connectivity is below average. charging speed needs work. May return the product.,05 Nov 2024,Yes,5,Mumbai,Flipkart
FK62163160,boAt Rockerz 255 Pro Bluetooth Earphones,Manoj_H48,4,Recommended,Good product overall. build quality is solid. charging speed could be slightly better but acceptable.,18 May 2024,No,0,Nagpur,Flipkart
FK92631441,boAt Rockerz 255 Pro Bluetooth Earphones,Sunita_D36,3,Average,So so. fit & comfort is below average. Bluetooth range needs work. May return the product.,16 May 2025,No,2,Pune,Flipkart
FK59302863,boAt Rockerz 255 Pro Bluetooth Earphones,Rekha_F83,5,Outstanding!,Best purchase ever! build quality works perfectly. Value for money product with excellent design.,11 Apr 2024,Yes,5,Kolkata,Flipkart
FK96128115,boAt Rockerz 255 Pro Bluetooth Earphones,Arjun_U77,5,Amazing product!,10/10 product. connectivity is amazing and charging speed is exactly as described. Fast delivery too.,05 Aug 2024,Yes,0,Indore,Flipkart
FK88703005,boAt Rockerz 255 Pro Bluetooth Earphones,Suresh_V30,4,Nice earphones,Decent product. connectivity is fine. Bluetooth range needs slight improvement. Good value.,31 Jul 2024,No,0,Bangalore,Flipkart
FK33420607,boAt Rockerz 255 Pro Bluetooth Earphones,Sneha_P85,3,Average,Mediocre. sound quality works sometimes. sound clarity is not as described. Okay for the price.,13 Sep 2024,Yes,12,Mumbai,Flipkart
FK27013243,boAt Rockerz 255 Pro Bluetooth Earphones,Swathi_Y54,4,Pretty good,Good product overall. connectivity is solid. packaging could be slightly better but acceptable.,23 Feb 2024,Yes,0,Nagpur,Flipkart
FK70667140,boAt Rockerz 255 Pro Bluetooth Earphones,Sanjay_W29,5,Amazing product!,Fantastic! build quality exceeded my expectations. design is top notch. Will buy again.,21 Apr 2024,No,1,Indore,Flipkart
FK63904155,boAt Rockerz 255 Pro Bluetooth Earphones,Sunita_D88,2,Disappointed,Disappointed with call quality. design stopped working after a week. Poor build quality.,05 May 2025,Yes,0,Nagpur,Flipkart
FK26937148,boAt Rockerz 255 Pro Bluetooth Earphones,Karthik_B80,4,Recommended,Happy with the purchase. bass is good. charging speed is decent. Delivery was on time.,08 Mar 2024,Yes,2,Jaipur,Flipkart
FK77853916,boAt Rockerz 255 Pro Bluetooth Earphones,Lakshmi_E56,2,Disappointed,Very bad. noise cancellation broke in 3 days. durability is worse than budget options. Not recommended.,09 Apr 2025,No,1,Delhi,Flipkart
FK55490631,boAt Rockerz 255 Pro Bluetooth Earphones,Gopal_159,3,Could be better,So so. connectivity is below average. durability needs work. May return the product.,27 Feb 2025,Yes,5,Nagpur,Flipkart
FK30486849,boAt Rockerz 255 Pro Bluetooth Earphones,Divya_I61,5,Love it!,Fantastic! noise cancellation exceeded my expectations. durability is top notch. Will buy again.,18 Jan 2025,Yes,2,Bhopal,Flipkart
FK27463800,boAt Rockerz 255 Pro Bluetooth Earphones,Rekha_F8,5,Outstanding!,Absolutely love this product! bass is outstanding and the durability is superb. Highly recommend!,16 Jan 2025,No,2,Delhi,Flipkart
FK57197152,boAt Rockerz 255 Pro Bluetooth Earphones,Sneha_P74,4,Pretty good,Good product overall. noise cancellation is solid. durability could be slightly better but acceptable.,15 Nov 2024,Yes,12,Bangalore,Flipkart
FK25419645,boAt Rockerz 255 Pro Bluetooth Earphones,Prasad_Z36,2,Bad experience,Disappointed with build quality. earphone grip stopped working after a week. Poor build quality.,11 Jan 2025,Yes,0,Indore,Flipkart
FK55610493,boAt Rockerz 255 Pro Bluetooth Earphones,Pooja_A1,4,Worth buying,Good product overall. sound quality is solid. sound clarity could be slightly better but acceptable.,12 Nov 2024,Yes,0,Lucknow,Flipkart
